物料号,物料名,ABC_class,库存量,safety_stock,stock_turn,EOQ,status
M012,漏电保护器,A,1750,244.0,1.94,735.0,OK
M002,微型断路器4P,A,820,407.0,0.55,1414.0,OK
M004,接触器32A,A,960,190.0,1.37,820.0,OK
M006,接触器95A,A,120,68.0,0.48,330.0,OK
M005,接触器65A,A,300,95.0,0.86,470.0,OK
M001,微型断路器2P,B,1500,299.0,1.36,1483.0,OK
M007,中间继电器,B,2400,597.0,1.09,3250.0,OK
M003,塑壳断路器,C,410,65.0,1.71,358.0,OK
M011,母线排 ,C,400,49.0,2.22,379.0,OVERSTOCK risk
M008,时间继电器,C,780,141.0,1.5,1249.0,OK
M009,热继电器,C,560,81.0,1.87,849.0,OK
M010,接线端子,C,3200,760.0,1.14,11593.0,OK
